references,source,score
"['Een', 'Brabander', 'in', 'hart', 'en', 'nieren', ',', 'dat', 'is', 'een', 'manier', 'van', 'praten', '.']","['Mensen', 'uit', 'Brabant', 'hebben', 'een', 'bepaalde', 'manier', 'van', 'praten', '.']","['Het', 'is', 'een', 'Brabander', 'in', 'hart', 'en', 'nieren', '.', 'Die', 'hebben', 'een', 'eigen', 'manier', 'van', 'praten', '.']","['haha', 'een', 'Brabander', 'in', 'hart', 'en', 'nieren…', 'gewoon', 'een', 'manier', 'van', 'praten']",0.5311
"['Wat', 'houd', 'je', 'tegen', 'om', 'de', 'beerput', 'te', 'openen', '?']","['Wat', 'let', 'je', 'om', 'je', 'de', 'beerput', 'te', 'openen', '?']","['Wat', 'houd', 'je', 'tegen', 'om', 'de', 'beerput', 'open', 'te', 'maken', '?']","['wat', 'let', 'je', 'om', 'de', 'beerput', 'te', 'openen', '?']",0.6496
"['De', 'moeders', 'zitten', 'klaar', 'met', 'hun', 'borstvoedingstips', 'en', 'kortingscodes', '.']","['De', 'moeders', 'zitten', 'reeds', 'klaar', 'met', 'tips', 'voor', 'het', 'borstvoeden', 'en', 'kortingscodes', '.']","['De', 'moeders', 'verkondigen', 'borstvoedingstips', 'en', 'delen', 'kortingscodes', '.']","['Oh', 'oh', 'de', 'mommy', '’', 's', 'zitten', 'al', 'klaar', 'met', 'borstvoedingstips', 'en', 'hun', 'kortingscodes']",0.0491
"['Grappig', ',', 'hier', 'heb', 'ik', 'nog', 'nooit', 'de', 'video', 'van', 'gezien', '.', 'Die', 'zachte', 'focus-stijl', 'is', 'hoogtepunt', 'jaren', 'negentig', '.']","['Ik', 'had', 'deze', 'videoclip', 'nooit', 'eerder', 'gezien', '.', 'De', 'stijl', 'is', 'zeer', 'kenmerkend', 'voor', 'de', 'jaren', ""'90"", '.']","['Ik', 'heb', 'deze', 'videoclip', 'nog', 'niet', 'eerder', 'gezien', '.', 'De', 'soft', 'focus', 'stijl', 'was', 'erg', 'populair', 'in', 'de', 'jaren', 'negentig', '.']","['hahaha', 'ik', 'had', 'nog', 'nooit', 'de', 'clip', 'hiervan', 'gezien', 'Echt', 'peak', '90', '’', 's', 'die', 'soft', 'focus', 'achtige', 'stijl', '.']",0.0713
"['Het', 'is', 'toch', 'niet', 'gek', 'dat', 'mensen', 'daar', 'een', 'mening', 'over', 'hebben', '.']","['Wat', 'bijzonder', 'dat', 'men', 'daar', 'een', 'mening', 'over', 'heeft', '.']","['Wat', 'vreemd', 'dat', 'mensen', 'daar', 'een', 'mening', 'over', 'hebben', '.']","['Maar', 'oh', 'oh', 'wat', 'gek', 'dat', 'mensen', 'daar', 'wat', 'van', 'vinden']",0.2346
"['Aaf', 'Brandt', 'Corstius', 'had', 'ooit', 'goede', 'ezelsbrug', 'bedacht', ':', 'de', 'persoon', 'lijkend', 'op', 'Simon', 'heet', 'Nick', 'en', 'de', 'persoon', 'lijkend', 'op', 'Nick', 'heet', 'Simon', '.']","['Aaf', 'Brandt', 'Corstius', 'heeft', 'een', 'handig', 'ezelsbruggetje', 'bedacht', '.', 'De', 'man', 'die', 'lijkt', 'alsof', 'hij', 'Simon', 'heet', ',', 'heet', 'eigenlijk', 'Nick', '.', 'De', 'man', 'die', 'lijkt', 'alsof', 'hij', 'Nick', 'heet', ',', 'heet', 'Simon', '.']","['Aaf', 'Brandt', 'Corstius', 'heeft', 'ooit', 'een', 'goede', 'ezelsbrug', 'bedacht', '.', 'Degene', 'die', 'lijkt', 'op', 'een', 'Simon', 'heet', 'Nick', 'en', 'degene', 'die', 'lijkt', 'op', 'een', 'Nick', 'heet', 'Simon', '.']","['aaf', 'brandt', 'cortius', 'had', 'ooit', 'een', 'goede', 'ezelsbrug', ',', 'degene', 'die', 'lijkt', 'op', 'een', 'Simon', 'heet', 'Nick', ',', 'en', 'degene', 'die', 'lijkt', 'op', 'een', 'Nick', 'heet', 'Simon', '.']",0.6393
"['Potverdorie', ',', 'ik', 'heb', 'hier', 'te', 'veel', 'belang', 'bij', '.']","['Ik', 'ben', 'zeer', 'geïnvesteerd', 'in', 'deze', 'ontwikkeling', '.']","['Ik', 'ben', 'zeer', 'geïnvesteerd', 'hier', 'in', '.']","['hahaha', 'gvd', 'ik', 'ben', 'echt', 'te', 'invested']",0.0435
"['Dit', 'klinkt', 'enigszins', 'te', 'mooi', 'om', 'waard', 'te', 'zijn', '.']","['Dit', 'klinkt', 'alsof', 'het', 'te', 'mooi', 'is', 'om', 'waar', 'te', 'zijn', '.']","['Dit', 'klinkt', 'te', 'mooi', 'om', 'waar', 'te', 'zijn', '.']","['dit', 'klinkt', 'een', 'beetje', 'too', 'good', 'to', 'be', 'true', 'eigenlijk']",0.0211
"['Ik', 'begrijp', 'nu', 'wel', 'beter', 'waarom', 'hij', 'niet', '(', 'snel', ')', 'ingrijpt', 'met', 'de', 'slang', '.', 'Hij', 'weet', 'waarschijnlijk', 'niet', 'wat', 'hij', 'moet', 'doen', '.']","['Aangezien', 'hij', 'vermoedelijk', 'ook', 'geen', 'kennis', 'van', 'zaken', 'heeft', ',', 'begrijp', 'ik', 'nu', 'beter', 'waarom', 'hij', 'niet', 'tijdig', 'ingrijpt', 'met', 'de', 'slang', '.']","['Nu', 'begrijp', 'ik', 'beter', 'waarom', 'hij', 'niet', 'ingrijpt', 'met', 'de', 'slang', '.', 'Hij', 'weet', 'waarschijnlijk', 'ook', 'niet', 'wat', 'hij', 'moet', 'doen', '.']","['Nu', 'snap', 'ik', 'wel', 'beter', 'dat', 'hij', 'niet', '(', 'snel', ')', 'ingrijpt', 'met', 'de', 'slang', 'want', 'hij', 'weet', 'wschn', 'ook', 'niet', 'wat', 'ie', 'moet', 'doen', '.']",0.4502
"['Hij', 'keek', 'mij', 'onbegrijpend', 'aan', '.']","['Hij', 'keek', 'me', 'vragend', 'aan', '.']","['Hij', 'keek', 'me', 'verbaasd', 'aan', '.']","['!', '”', 'en', 'hij', 'keek', 'me', 'aan', 'van', 'ehhh', ',', 'wat', 'zei', 'je', '?', '?']",0.0309
"['Hij', 'is', 'vrij', 'dom', 'als', 'hij', 'denkt', 'dat', 'dit', 'niet', 'gaat', 'uitkomen', '.']","['Je', 'kan', 'niet', 'erg', 'slim', 'zijn', 'als', 'je', 'denkt', 'dat', 'de', 'waarheid', 'niet', 'gaat', 'uitkomen', '.']","['Het', 'getuigt', 'niet', 'van', 'veel', 'verstand', 'als', 'je', 'denkt', 'dat', 'dit', 'niet', 'gaat', 'uitkomen', '.']","['Maar', 'hoe', 'DOM', 'ben', 'je', 'dat', 'je', 'denkt', 'dat', 'dit', 'niet', 'gaat', 'uitkomen', '?', '?']",0.4002
"['Ik', 'ben', 'helaas', 'niet', 'bekend', 'met', 'deze', 'mensen', '.']","['Ik', 'ken', 'geen', 'van', 'deze', 'mensen', '.']","['Helaas', 'ken', 'ik', 'deze', 'mensen', 'allemaal', 'niet', '.']","['ik', 'ken', 'echt', 'niemand', 'van', 'deze', 'mensen', ':', '(']",0.1349
"['Zo', 'een', 'leuk', 'liedje', 'trouwens', ',', 'dat', 'kan', 'ik', 'iedereen', 'aanraden', '.']","['Dit', 'is', 'een', 'goed', 'nummer', 'dat', 'ik', 'aan', 'iedereen', 'aan', 'kan', 'raden', '.']","['Dit', 'is', 'een', 'zeer', 'goed', 'nummer', '.', 'Ik', 'raad', 'het', 'iedereen', 'aan', 'om', 'er', 'naar', 'te', 'luisteren', '.']","['Zo', '’', 'n', 'lekker', 'nummer', 'dat', 'ook', 'btw', 'aanrader', 'voor', 'iedereen']",0.0433
"['Maar', 'goed', ',', 'die', 'kinderen', 'leiden', 'verder', 'geen', 'heel', 'normaal', 'en', 'veilig', 'leven', '.']","['Die', 'kinderen', 'hebben', 'een', 'abnormaal', ',', 'onveilig', 'leven', '.']","['Die', 'kinderen', 'leiden', 'niet', 'bepaald', 'een', 'normaal', 'en', 'veilig', 'leven', '.']","['mgoed', 'niet', 'dat', 'die', 'kinderen', 'verder', 'een', 'heel', 'normaal', 'en', 'veilig', 'leven', 'leiden']",0.3448
"['Ik', 'heb', 'ze', 'al', '4', 'keer', 'gezien', ',', 'maar', 'klaar', 'voor', 'nog', 'een', 'ronde', '!']","['Ik', 'heb', 'ze', 'al', 'vier', 'keer', 'gezien', ',', 'maar', 'ik', 'ben', 'klaar', 'om', 'ze', 'nog', 'een', 'keer', 'te', 'zien', '.']","['Ik', 'heb', 'ze', 'al', 'vier', 'keer', 'gezien', 'maar', 'ik', 'wil', 'ze', 'graag', 'nog', 'een', 'keer', 'zien', '.']","['Heb', 'ze', 'al', '4', 'keer', 'gezien', 'maar', 'ready', 'for', 'another', 'one', 'B', '!']",0.3064
"['Jemig', ',', 'dat', 'laatste', 'deel', 'is', 'verschrikkelijk', '.']","['Het', 'laatste', 'deel', 'is', 'vreselijk', '.']","['Dat', 'laatste', 'is', 'echt', 'verschrikkelijk', '.']","['och', 'jezus', 'wat', 'verschrikkelijk', 'dat', 'laatste']",0.0955
"['Ziekelijk', 'en', 'krankzinnig', ',', 'kan', 'ze', 'het', 'daarmee', 'nog', 'wel', 'aan', '?']","['Wat', 'vreselijk', '.', 'Moet', 'zij', 'zich', 'daar', 'ook', 'mee', 'bezig', 'houden', '?']","['Het', 'is', 'verschrikkelijk', 'dat', 'ze', 'daar', 'ook', 'nog', 'mee', 'moet', 'omgaan', '.']","['ziekelijk', 'en', 'gestoord', ',', 'mag', 'ze', 'daar', 'ook', 'nog', 'eens', 'mee', 'dealen', '?']",0.23
"['Nee', ',', 'je', 'ziet', 'de', 'operatie', 'waarbij', 'ze', 'het', 'vlees', 'uit', 'hun', 'lichaam', 'laten', 'halen', 'en', 'ook', 'dat', 'ze', 'het', 'echt', 'opeten', '.']","['Nee', '.', 'Je', 'ziet', 'de', 'operatie', 'waarbij', 'men', 'het', 'vlees', 'uit', 'het', 'lichaam', 'laat', 'verwijderen', ',', 'en', 'ook', 'hoe', 'het', 'geconsumeerd', 'wordt', '.']","['Je', 'kan', 'het', 'ze', 'werkelijk', 'zien', 'eten', 'en', 'je', 'ziet', 'ook', 'de', 'operatie', 'waarbij', 'ze', 'het', 'vlees', 'uit', 'hun', 'lichaam', 'laten', 'verwijderen', '.']","['nee', 'je', 'ziet', 'ze', 'het', 'echt', 'eten', 'en', 'ook', 'de', 'operatie', 'waarbij', 'ze', 'het', 'vlees', 'uit', 'hun', 'lichaam', 'laten', 'halen']",0.6139
"['Wauw', ',', 'zo', 'lijkt', 'hij', 'echt', 'op', 'Jeroen', 'Spitzenberger', '!']","['Op', 'deze', 'manier', 'lijkt', 'deze', 'man', 'erg', 'op', 'Jeroen', 'Spitzenberger', '.']","['Op', 'deze', 'manier', 'lijkt', 'hij', 'erg', 'op', 'Jeroen', 'Spitzenberger', '.']","['wow', 'zo', 'lijkt', 'ie', 'echt', 'op', 'jeroen', 'spitzenberger']",0.0647
"['Doe', 'dan', 'Jan', 'Kooijman', 'alsjeblieft', '!']","['Ik', 'prefereer', 'Jan', 'Kooijman', '.']","['Wilt', 'u', 'daarna', 'Jan', 'Kooijman', 'doen', 'alstublieft', '?']","['Doe', 'dan', 'Jan', 'Kooiman', 'aub', '!', '!']",0.1757
"['In', 'vergelijking', 'zijn', 'lelijke', 'foto', ""'s"", 'plaatsen', 'er', 'niks', 'bij', '.']","['Dan', 'is', 'het', 'plaatsen', 'van', 'onaantrekkelijke', 'foto', ""'s"", 'slechts', 'een', 'peulenschil', '.']","['Vergeleken', 'daarmee', 'valt', 'het', 'posten', 'van', 'lelijke', 'foto', ""'s"", 'reuze', 'mee', '.']","['Dan', 'zijn', 'lelijke', 'foto', '’', 's', 'posten', 'nog', 'niks']",0.113
"['In', 'ieder', 'geval', 'niet', 'zoveel', 'als', 'deze', 'minkukel', '.']","['In', 'ieder', 'geval', 'is', 'er', 'niet', 'zo', 'veel', 'van', 'als', 'bij', 'deze', 'vervelende', 'man', '.']","['In', 'ieder', 'geval', 'niet', 'zo', 'veel', 'als', 'deze', 'nare', 'persoon', '.']","['of', 'iig', 'niet', 'zoveel', 'als', 'deze', 'eikel', '.']",0.3226
"['Toen', 'hij', 'zo', 'oud', 'was', 'als', 'zij', ',', 'was', 'ze', 'nog', 'niet', 'geboren', '.']","['Op', 'het', 'moment', 'dat', 'hij', 'zo', 'oud', 'was', 'als', 'zij', 'nu', 'is', ',', 'had', 'zij', 'het', 'levenslicht', 'nog', 'niet', 'gezien', '.']","['Zij', 'was', 'nog', 'niet', 'eens', 'geboren', 'toen', 'hij', 'zo', 'oud', 'was', 'als', 'zij', 'nu', 'is', '.']","['toen', 'hij', 'haar', 'leeftijd', 'had', 'was', 'zij', 'nog', 'niet', 'eens', 'geboren']",0.2351
"['Wie', 'worden', 'er', 'nou', 'echt', 'beter', 'van', '?']","['Wie', 'profiteert', 'hiervan', '?']","['Wie', 'profiteert', 'er', 'nu', 'van', 'deze', 'situatie', '?']","['wie', 'worden', 'er', 'nou', 'echt', 'beter', 'van', '?']",0.8409
"['Het', 'komt', 'gedeeltelijk', 'doordat', 'De', 'Croo', 'een', 'privé', 'probleem', 'had', '.', '(', 'lees', ':', 'hij', 'had', 'een', 'potentieel', 'schandaal', 'met', 'een', 'Italiaanse', 'pornoactrice', ')']","['Dit', 'komt', 'mede', 'doordat', 'dhr', '.', 'De', 'Croo', 'belast', 'is', 'met', 'omstandigheden', 'in', 'de', 'privésfeer', '.', 'Hij', 'was', 'verwikkeld', 'in', 'een', 'potentieel', 'schandaal', 'met', 'een', 'Italiaanse', 'pornoactrice', '.']","['Dat', 'kwam', 'ook', 'omdat', 'De', 'Croo', 'met', 'een', 'persoonlijk', 'probleem', 'zat', '.', 'Dat', 'wil', 'zeggen', ',', 'er', 'was', 'een', 'potentieel', 'schandaal', 'met', 'een', 'Italiaanse', 'Pornoactrice', '.']","['mede', 'omdat', 'De', 'Croo', 'met', 'een', 'privé', 'issue', 'zat', '(', 'lees', ':', 'potentieel', 'schandaal', 'met', 'een', 'Italiaanse', 'pornoactrice', ')']",0.4666
"['Het', 'spijt', 'me', ',', 'maar', 'een', 'vriendin', 'van', 'mij', 'haat', 'Liam', 'dus', 'ik', 'moet', 'dit', 'even', 'delen', '.']","['Ik', 'heb', 'een', 'vriendin', 'die', 'niet', 'erg', 'gesteld', 'is', 'op', 'Liam', ',', 'daarom', 'deel', 'ik', 'dit', 'met', 'haar', '.']","['Het', 'spijt', 'me', ',', 'ik', 'heb', 'een', 'vriendin', 'die', 'Liam', 'verafschuwt', '.', 'Daarom', 'is', 'het', 'belangrijk', 'dat', 'ik', 'dit', 'met', 'haar', 'deel', '.']","['Sorry', 'heb', 'een', 'vriendin', 'die', 'Liam', 'HAAT', 'dus', 'moet', 'dit', 'ff', 'delen']",0.2355
"['Ik', 'moedig', 'haar', 'aan', ',', 'ze', 'is', 'erg', 'zelfstandig', '.']","['Ik', 'denk', 'dat', 'zij', 'het', 'op', 'haar', 'eigen', 'kracht', 'kan', 'redden', '.']","['Ik', 'denk', 'dan', 'bij', 'mezelf', ',', 'zij', 'is', 'echt', 'goed', 'bezig', '.', 'Zij', 'kan', 'prima', 'voor', 'zichzelf', 'zorgen', '.']","['denk', 'ik', 'you', 'go', 'girl', ',', 'zij', 'dopt', 'haar', 'eigen', 'boontjes', 'wel', '.']",0.0514
"['Ik', 'vind', 'de', 'manier', 'waarop', 'Wendy', 'dit', 'presenteert', 'tegen', 'haar', 'zoon', 'tenenkrommend', '.']","['Ik', 'word', 'wat', 'onpasselijk', 'van', 'de', 'manier', 'waarop', 'Wendy', 'dit', 'presenteert', 'tegenover', 'haar', 'zoon', '.']","['Het', 'is', 'tenenkrommend', 'hoe', 'Wendy', 'dit', 'vertelt', 'tegen', 'haar', 'zoon', ',', 'alsof', 'ze', 'aan', 'het', 'presenteren', 'is', '.']","['omgg', 'hoe', 'Wendy', 'dit', 'ook', 'een', 'soort', 'van', 'tv', 'presenteert', 'tegen', 'haar', 'zoon', ',', 'echt', 'heel', 'cringe']",0.2781
"['Ik', 'dacht', 'eraan', 'om', 'het', 'ook', 'te', 'kijken', ',', 'maar', 'door', 'deze', 'reacties', 'laat', 'ik', 'het', 'maar', 'zitten', '.']","['Ik', 'wilde', 'ook', 'een', 'kijkje', 'nemen', ',', 'maar', 'nu', 'ik', 'dit', 'hoor', ',', 'heb', 'ik', 'mijn', 'keuze', 'heroverwogen', '.']","['Ik', 'was', 'van', 'plan', 'om', 'het', 'ook', 'te', 'gaan', 'kijken', 'maar', 'nu', 'ik', 'dit', 'hoor', 'heb', 'ik', 'daar', 'geen', 'behoefte', 'meer', 'aan', '.']","['ik', 'dacht', 'ik', 'ga', 'ook', 'kijken', 'maar', 'als', 'ik', 'het', 'zo', 'hoor', 'denk', 'ik', 'laat', 'maaaaar', '.']",0.0385
"['Ze', 'heeft', 'zelfs', 'nog', 'roddels', 'over', 'hem', 'klaarstaan', '!']","['Zij', 'kan', 'geruchten', 'over', 'hem', 'delen', '.']","['En', 'ze', 'verklapt', 'ook', 'nog', 'eens', 'zijn', 'geheimen', '.']","['En', 'ze', 'heeft', 'nog', 'juice', 'over', '‘', 'm', 'klaarstaan', 'ook', '!']",0.0564
"['Iemand', 'kennen', 'is', 'geen', 'garantie', 'voor', 'niet', 'vreemdgaan', '.']","['Het', 'is', 'geen', 'gegeven', 'dat', 'iemand', 'geen', 'affaire', 'heeft', 'als', 'je', 'deze', 'persoon', 'kent', '.']","['Je', 'kunt', 'iemand', 'goed', 'kennen', 'maar', 'dat', 'geeft', 'nog', 'geen', 'garantie', 'dat', 'die', 'persoon', 'geen', 'affaire', 'begint', '.']","['Lol', 'alsof', 'iemand', 'kennen', 'een', 'garantie', 'is', 'dat', 'ie', 'niet', 'vreemdgaat']",0.0295
"['Ik', 'begrijp', 'niet', 'wie', 'bedacht', 'heeft', 'dat', 'Valerio', 'een', 'goede', 'presentator', 'zou', 'zijn', '.', 'Hij', 'praat', 'alsof', 'hij', 'constant', 'aan', 'de', 'Xanax', 'zit', '.']","['Het', 'is', 'onbegrijpelijk', 'dat', 'men', 'Valerio', 'ingeschat', 'heeft', 'als', 'een', 'kundige', 'presentator', '.', 'Hij', 'maakt', 'een', 'gedrogeerde', 'indruk', '.']","['Ik', 'begrijp', 'niet', 'dat', 'Valerio', 'als', 'een', 'goede', 'presentator', 'wordt', 'gezien', '.', 'De', 'manier', 'waarop', 'hij', 'praat', 'klinkt', 'alsof', 'hij', 'een', 'kalmeringsmiddel', 'gebruikt', '.']","['snap', 'ook', 'sowieso', 'niet', 'wie', 'ooit', 'bedacht', 'dat', 'valerio', 'een', 'goede', 'presentator', 'zou', 'zijn', ',', 'hij', 'praat', 'alsof', 'hij', 'continu', 'aan', 'de', 'zannies', 'zit']",0.2592
"['Erg', 'vervelend', 'dat', 'het', 'niet', 'meer', 'op', 'de', 'NPO', 'website', 'of', 'app', 'staat', '.']","['Het', 'is', 'vervelend', 'dat', 'dit', 'niet', 'meer', 'op', 'de', 'website', 'en', 'applicatie', 'te', 'vinden', 'is', '.']","['Ik', 'vind', 'het', 'erg', 'vervelend', 'dat', 'het', 'niet', 'meer', 'op', 'de', 'website', 'of', 'applicatie', 'van', 'de', 'NPO', 'staat', '.']","['kapot', 'irritant', 'het', 'staat', 'niet', 'meer', 'op', 'de', 'npo', 'site/app']",0.1949
"['Het', 'verbaast', 'mij', 'dat', 'Beyoncé', 'daar', 'komt', '.']","['Ik', 'verbaas', 'mij', 'erover', 'dat', 'Beyoncé', 'komt', '.']","['Ik', 'verbaas', 'mij', 'erover', 'dat', 'Beyoncé', 'aanwezig', 'zal', 'zijn', '.']","['ik', 'verbaas', 'mij', 'erover', 'dat', 'Beyoncé', 'komt', '.']",0.8409
"['En', 'bijvoorbeeld', 'niet', 'wat', 'Rachel', 'en', 'André', 'zeggen', '?']","['En', 'bijvoorbeeld', 'niet', 'wat', 'Rachel', 'en', 'André', 'zeggen', '?']","['En', 'bijvoorbeeld', 'niet', 'wat', 'Rachel', 'en', 'André', 'zeggen', '?']","['En', 'bijv', 'niet', 'wat', 'rachel', 'en', 'andre', 'zeggen', '?']",0.0794
"['Grappig', ',', 'mijn', 'vader', 'zijn', 'eerste', 'vriendin', 'had', 'dezelfde', 'achternaam', '(', 'zonder', 'de', ""'van"", ""'"", ')', '.', 'Haar', 'voornaam', 'begon', 'ook', 'met', 'een', ""'"", 'A', ""'"", 'dus', 'dat', 'maakte', 'een', 'mooie', 'alliteratie', '.']","['Uitgezonderd', 'van', 'het', 'woord', ""'van"", ""'"", ',', 'was', 'de', 'naam', 'van', 'de', 'eerste', 'vriendin', 'van', 'mijn', 'vader', 'hetzelfde', '.', 'Omdat', 'haar', 'voornaam', 'tevens', 'met', 'de', 'letter', 'A', 'begon', ',', 'allitereerde', 'dit', 'mooi', '.']","['De', 'eerste', 'vriendin', 'van', 'mijn', 'vader', 'heette', 'zo', ',', 'maar', 'dan', 'zonder', 'het', 'woord', 'van', '.', 'Haar', 'voornaam', 'begon', 'ook', 'met', 'de', 'letter', 'A', 'dus', 'dat', 'is', 'een', 'mooie', 'alliteratie', '.']","['Hahaha', 'mijn', 'vader', '’', 's', 'eerste', 'vriendin', 'heette', 'zo', '(', 'zonder', 'de', 'van', ')', 'ze', 'had', 'ook', 'nog', 'een', 'voornaam', 'met', 'een', 'A', 'dus', 'mooie', 'alliteratie']",0.0682
"['Je', 'moet', 'dit', 'soort', 'denkbeelden', 'niet', 'steeds', 'maskeren', 'als', 'manieën', '.']","['Het', 'is', 'niet', 'mogelijk', 'om', 'telkens', 'weer', 'dergelijke', 'denkbeelden', 'toe', 'te', 'schrijven', 'aan', 'manische', 'episoden', '.']","['U', 'kunt', 'dit', 'soort', 'denkbeelden', 'niet', 'voortdurend', 'als', 'manieën', 'bestempelen', '.']","['nee', 'en', 'je', 'kunt', 'dit', 'soort', 'denkbeelden', 'ook', 'niet', 'maar', 'steeds', 'op', 'manieën', 'gooien', '.']",0.183
"['Wat', 'is', 'de', 'naam', 'van', 'Rihanna', ""'s"", 'kind', '?', 'Er', 'is', 'al', 'bijna', 'een', 'maand', 'verstreken', '.']","['Nu', 'het', 'een', 'maand', 'geleden', 'is', 'dat', 'de', 'geboorte', 'plaats', 'heeft', 'gevonden', ',', 'ben', 'ik', 'wel', 'erg', 'benieuwd', 'naar', 'de', 'naam', 'van', 'het', 'kind', 'van', 'Rihanna', '.']","['Ik', 'vraag', 'me', 'echt', 'af', 'hoe', 'Rihanna', 'haar', 'kind', 'heeft', 'genoemd', '.', 'De', 'geboorte', 'is', 'al', 'bijna', 'een', 'maand', 'geleden', '.']","['hallo', 'hoe', 'heet', 'dat', 'kind', 'van', 'rihanna', 'nou', 'its', 'been', 'godverredomme', 'bijna', 'een', 'maand']",0.078
"['Ik', 'kan', 'me', 'niet', 'voorstellen', 'dat', 'die', 'outfit', 'serieus', 'was', 'bedoeld', '.']","['Ik', 'kan', 'mij', 'niet', 'voorstellen', 'dat', 'deze', 'uiterlijke', 'verschijning', 'met', 'opzet', 'gekozen', 'is', '.']","['Ik', 'kan', 'me', 'niet', 'voorstellen', 'dat', 'dit', 'uiterlijk', 'serieus', 'bedoeld', 'was', '.']","['niet', 'voorstellen', 'dat', 'deze', 'look', 'serieus', 'was']",0.2393
"['Alles', 'in', 'twijfel', 'trekken', 'en', 'het', 'slachtoffer', 'de', 'schuld', 'geven', '.']","['Overal', 'een', 'vraagteken', 'bij', 'plaatsen', 'en', 'de', 'blaam', 'ten', 'onrechte', 'bij', 'het', 'slachtoffer', 'leggen', '.']","['Alles', 'in', 'twijfel', 'trekken', 'en', 'het', 'het', 'slachtoffer', 'de', 'schuld', 'geven', '.']","['alles', 'in', 'twijfel', 'te', 'trekken', 'en', 'te', 'victim', 'blamen', '.']",0.0604
"['Uit', 'de', 'top', 'van', 'mijn', 'hoofd', ':']","['Uit', 'mijn', 'hoofd', 'is', 'dat', ""'PPF"", ""'"", '.']","['Dit', 'zeg', 'ik', 'uit', 'mijn', 'hoofd', '.']","['Ooh', 'ppf', 'uit', 'mn', 'hoofd', ':']",0.0809
"['Oja', ',', 'dat', 'maakt', 'inderdaad', 'een', 'verschil', '.']","['Dat', 'maakt', 'inderdaad', 'wel', 'verschil', '.']","['Dat', 'maakt', 'wel', 'een', 'verschil', 'inderdaad', '.']","['Ojaaa', 'dat', 'maakt', 'wel', 'verschil', 'idd']",0.1351
"['Hij', 'heeft', 'ook', 'nog', 'steeds', 'tattoos', 'van', 'de', 'namen', 'van', 'zijn', 'vorige', 'relaties', '.']","['Klopt', 'het', 'dat', 'hij', 'nog', 'tatoeages', 'van', 'zijn', 'ex-partners', 'heeft', '?']","['Klopt', 'het', 'dat', 'hij', 'ook', 'tatoeages', 'heeft', 'van', 'zijn', 'andere', 'exen', '?']","['Zn', 'andere', 'exen', 'staan', 'ook', 'nog', 'getatoeerd', 'toch']",0.0571
"['Hoe', 'geïrriteerd', 'is', 'deze', 'krant', '?']","['Deze', 'krant', 'is', 'erg', 'met', 'modder', 'aan', 'het', 'gooien', '.']","['Deze', 'krant', 'is', 'erg', 'negatief', '.']","['hahahaah', 'hoe', 'salty', 'is', 'deze', 'krant']",0.2021
"['Jij', 'bent', 'in', 'het', 'bezit', 'van', 'een', 'vuurkorf', ',', 'dus', 'kan', 'dit', 'er', 'ook', 'wel', 'bij', '.']","['Mits', 'jij', 'ook', 'in', 'bezit', 'bent', 'van', 'een', 'vuurkorf', ',', 'ben', 'ik', 'van', 'mening', 'dat', 'deze', 'combinatie', 'mogelijk', 'zou', 'moeten', 'zijn', '.']","['Als', 'u', 'een', 'vuurkorf', 'in', 'uw', 'bezit', 'heeft', 'dan', 'kan', 'dit', 'er', 'ook', 'nog', 'wel', 'bij', '.']","['Jij', 'hebt', 'toch', 'ook', 'een', 'vuurkorf', 'dus', 'dit', 'kan', 'er', 'ook', 'nog', 'wel', 'bij', '!', '!']",0.277
"['Monique', 'is', 'wederom', 'gezien', 'met', 'een', 'André', 'ketting', 'om', '.']","['Monique', 'is', 'wederom', 'in', 'het', 'openbaar', 'gezien', 'met', 'een', 'ketting', 'die', 'de', 'naam', ""'André"", ""'"", 'spelt', '.']","['Men', 'heeft', 'Monique', 'toch', 'weer', 'gezien', 'met', 'een', 'ketting', 'van', 'André', '.']","['maar', 'Monique', 'is', 'toch', 'weer', 'gespot', 'met', 'een', 'André', 'ketting']",0.3549
"['Ik', 'had', 'niet', 'in', 'de', 'gaten', 'dat', 'het', 'adres', 'te', 'zien', 'was', '.', 'Ik', 'heb', 'het', 'even', 'verwijderd', ',', 'ook', 'al', 'is', 'het', 'kwaad', 'waarschijnlijk', 'al', 'geschied', '.']","['Ik', 'was', 'mij', 'niet', 'bewust', 'van', 'het', 'adres', '.', 'Ik', 'heb', 'het', 'verwijderd', ',', 'ook', 'al', 'is', 'het', 'kwaad', 'vermoedelijkerwijs', 'al', 'geschied', '.']","['Ik', 'had', 'niet', 'in', 'de', 'gaten', 'dat', 'het', 'adres', 'zichtbaar', 'was', 'dus', 'ik', 'heb', 'hem', 'verwijderd', ',', 'ook', 'al', 'is', 'het', 'kwaad', 'al', 'geschied', 'waarschijnlijk', '.']","['Had', 'adres', 'niet', 'zo', 'in', 'de', 'gaten', 'dus', 'heb', 'm', 'effe', 'weggehaald', '(', 'ook', 'al', 'is', 'het', 'kwaad', 'al', 'geschied', 'wss', ')']",0.3361
"['Die', 'vrouw', 'is', 'trouwens', 'de', 'erg', 'politiek', 'rechtse', 'en', 'conservatieve', 'Candace', 'Owens', '.']","['Die', 'vrouw', 'is', 'de', 'rechts-extremistische', 'en', 'conservatieve', 'Candace', 'Owens', '.']","['Deze', 'vrouw', 'is', 'net', 'zo', 'rechts', 'conservatief', 'als', 'Candace', 'Owens', '.']","['die', 'chick', 'is', 'super', 'rechtse', 'en', 'conservatieve', 'candace', 'owens', 'trouwens']",0.1187
"['Hij', 'is', 'aan', 'het', 'bewijzen', 'dat', 'hij', 'echt', 'met', ""'oudere"", ""'"", 'vrouwen', 'relaties', 'aangaat', '.']","['Hij', 'moet', 'aantonen', 'dat', 'hij', 'daadwerkelijk', 'uitgaat', 'met', 'vrouwen', 'die', 'ouder', 'zijn', '.']","['Hij', 'voelt', 'de', 'druk', 'om', 'te', 'bewijzen', 'dat', 'hij', 'wel', 'degelijk', 'vrouwen', 'met', 'een', 'hogere', 'leeftijd', 'date', '.']","['hij', 'moet', 'even', 'bewijzen', 'dat', 'hij', 'echt', 'wel', '“', 'oudere', '”', 'vrouwen', 'date']",0.23
"['Dat', 'is', 'ook', 'zo', '.', 'Ik', 'vind', 'alles', 'vreemd', 'aan', 'deze', 'winactie', '.']","['Alle', 'aspecten', 'van', 'deze', 'winactie', 'verwarren', 'mij', '.']","['Daar', 'ben', 'ik', 'het', 'mee', 'eens', '.', 'Ik', 'vind', 'alles', 'vreemd', 'aan', 'deze', 'winactie', '.']","['dat', 'ook', 'ja', ',', 'ik', 'vind', 'alles', 'vreemd', 'aan', 'deze', 'winactie']",0.4137
"['Dat', 'zijn', 'dezelfde', 'groep', 'mensen', 'die', 'op', '9gag', 'zitten', '.']","['Dit', 'is', 'dezelfde', 'groep', 'mensen', 'als', 'die', 'gelieerd', 'is', 'aan', 'het', 'forum', '9GAG', '.']","['Dit', 'zijn', 'dezelfde', 'soort', 'mensen', 'als', 'de', 'mensen', 'die', '9gag', 'bezoeken', '.']","['zelfde', 'groep', 'mensen', 'als', '9gag', '.']",0.1179
"['Wat', 'voor', 'zaad', 'heeft', 'hij', '?']","['Zou', 'u', 'mij', 'kunnen', 'uitleggen', 'van', 'welke', 'categorie', 'zijn', 'sperma', 'is', '?']","['Zijn', 'sperma', 'ziet', 'er', 'merkwaardig', 'uit', '.']","['wtf', 'heeft', 'hij', 'voor', 'zaad']",0.1316
"['Blijkbaar', 'is', 'er', 'een', 'Dexter', ""'s"", 'Laboratory', 'hiphop', 'album', '.']","['Ik', 'kom', 'net', 'tot', 'de', 'ontdekking', 'van', 'het', 'bestaan', 'van', 'een', 'rapalbum', 'met', 'de', 'muziek', 'van', 'de', 'serie', 'Dexter', ""'s"", 'Lab', '.']","['Het', 'was', 'mij', 'nog', 'niet', 'bekend', 'dat', 'er', 'een', 'hiphop', 'album', 'bestaat', 'van', 'Dexter', ""'s"", 'Laboratory', '.']","['blijkbaar', 'is', 'er', 'een', 'dexters', 'lab', 'hiphop', 'album', '?']",0.1335
"['Bedoel', 'je', 'gemeen', 'in', 'plaats', 'van', 'onjuist', '?']","['Of', 'bedoelt', 'u', ""'gemeen"", ""'"", 'in', 'plaats', 'van', ""'onjuist"", ""'"", '?']","['Bedoel', 'je', 'wellicht', 'onaardig', 'in', 'plaats', 'van', 'onjuist', '?']","['(', 'of', 'bedoel', 'je', 'gemeen', 'ipv', 'onjuist', '?', ')']",0.0717
"['Er', 'is', 'een', 'kans', 'dat', 'ze', 'alles', 'bij', 'elkaar', 'heeft', 'gelogen', 'en', 'hij', 'wordt', 'afgeschilderd', 'als', 'iemand', 'die', 'vrouwen', 'slaat', '.']","['Misschien', 'heeft', 'zij', 'over', 'het', 'geheel', 'gelogen', 'en', 'wordt', 'hij', 'onterecht', 'afgebeeld', 'als', 'een', 'man', 'die', 'zijn', 'vrouw', 'slaat', '.']","['Het', 'zou', 'kunnen', 'dat', 'zij', 'alleen', 'maar', 'leugens', 'heeft', 'verspreid', 'en', 'dat', 'ze', 'hem', 'neerzet', 'als', 'een', 'gewelddadige', 'man', '.']","['misschien', 'heeft', 'ze', 'het', 'wel', 'allemaal', 'bij', 'elkaar', 'gelogen', 'en', 'word', 'hij', 'neergezet', 'als', 'een', 'wifebeater', '.']",0.0411
"['Toen', 'ze', 'elkaar', 'gingen', 'eten', 'in', 'Proefkonijnen', 'was', 'ook', 'erg', 'gaaf', '.']","['Het', 'was', 'erg', 'gaaf', 'toen', 'zij', 'een', 'stukje', 'van', 'elkaar', 'consumeerden', 'tijdens', 'het', 'programma', 'Proefkonijnen', '.']","['Ik', 'vond', 'het', 'erg', 'stoer', 'dat', 'ze', 'elkaar', 'gingen', 'opeten', 'in', 'het', 'televisieprogramma', 'Proefkonijnen', '.']","['(', 'en', 'dat', 'ze', 'elkaar', 'gingen', 'eten', 'in', 'proefkonijnen', 'was', 'echt', 'heel', 'vet', 'ook', 'wel', ')']",0.3238
"['Ik', 'vind', 'het', 'vreemd', 'dat', 'mensen', 'verbaasd', 'zijn', 'wanneer', 'hij', 'ook', 'zo', 'naar', 'hen', 'doet', '.']","['Ik', 'verwonder', 'mij', 'erover', 'dat', 'mensen', 'verbaasd', 'zijn', 'over', 'het', 'feit', 'dat', 'hij', 'hetzelfde', 'jegens', 'hen', 'doet', '.']","['Ik', 'begrijp', 'niet', 'dat', 'men', 'verbaasd', 'is', 'dat', 'hij', 'dat', 'ook', 'bij', 'hen', 'doet', '.']","['vind', 'het', 'gek', 'dat', 'mensen', 'dan', 'verbaasd', 'zijn', 'dat', 'ie', 'dat', 'ook', 'naar', 'hun', 'doet']",0.0605
"['Ik', 'vond', 'hem', 'trouwens', 'wel', 'goed', 'bij', 'Je', 'Zal', 'Het', 'Maar', 'Hebben', ',', 'dat', 'moet', 'ik', 'hem', 'nageven', '.']","['Ik', 'vond', 'zijn', 'prestatie', 'bij', ""'Je"", 'zal', 'het', 'maar', 'hebben', ""'"", 'verdienstelijk', ',', 'dat', 'moet', 'ik', 'hem', 'nageven', '.']","['Ik', 'moet', 'toegeven', ',', 'bij', 'het', 'programma', 'Je', 'zal', 'het', 'maar', 'hebben', 'vond', 'ik', 'hem', 'wel', 'goed', '.']","['(', 'ik', 'vond', 'hem', 'wel', 'goed', 'bij', 'je', 'zal', 'het', 'maar', 'hebben', 'trouwens', 'dat', 'moet', 'ik', 'hem', 'nageven', ')']",0.4393
"['Hij', 'is', 'de', 'belichaming', 'van', 'kleine', 'piemel', 'energie', '.']","['Hij', 'straalt', 'uit', 'dat', 'hij', 'een', 'klein', 'geslachtsdeel', 'heeft', '.']","['De', 'manier', 'waarop', 'hij', 'zich', 'gedraagt', 'doet', 'denken', 'dat', 'hij', 'een', 'kleine', 'penis', 'heeft', '.']","['hij', 'is', 'echt', 'de', 'belichaming', 'van', 'kleine', 'piemel', 'energie']",0.6312
"['Die', 'reactie', 'van', 'Chris', 'komt', 'over', 'als', 'de', 'reactie', 'van', 'iemand', 'die', 'niet', 'voor', 'de', 'camera', 'boos', 'wil', 'worden', '.']","['De', 'reactie', 'van', 'Chris', 'lijkt', 'erop', 'dat', 'er', 'daadwerkelijk', 'op', 'hem', 'gespuugd', 'wordt', '.', 'Hij', 'lijkt', 'echter', 'voor', 'de', 'camera', 'in', 'ieder', 'geval', 'geen', 'dramatische', 'reactie', 'te', 'willen', 'vertonen', '.']","['Chris', 'reageerde', 'alsof', 'er', 'op', 'hem', 'gespuugd', 'werd', 'maar', 'hij', 'dat', 'niet', 'wou', 'laten', 'merken', 'op', 'beeld', '.']","['die', 'reactie', 'van', 'chris', 'is', 'wel', 'echt', 'de', 'reactie', 'van', 'iemand', 'waarop', 'gespuugd', 'wordt', 'maar', 'geen', 'drama', 'wil', 'zetten', ',', 'iig', 'op', 'camera']",0.1602
"['Ik', 'denk', 'echt', ',', 'waar', 'ben', 'je', 'mee', 'bezig', '?', '!']","['Wat', 'ben', 'jij', 'aan', 'het', 'doen', '?']","['Ik', 'denk', 'bij', 'mezelf', ',', 'waar', 'ben', 'je', 'in', 'hemelsnaam', 'mee', 'bezig', '?']","['En', 'ik', 'denk', 'echt', 'WTF', 'BEN', 'JE', 'MEE', 'BEZIG', '?', '!']",0.0564
"['Wil', 'je', 'het', 'ons', 'laten', 'weten', 'als', 'er', 'nog', 'een', 'goede', 'roddel', 'voorbij', 'komt', '?']","['Informeer', 'je', 'ons', 'als', 'er', 'achterklap', 'te', 'delen', 'valt', '?']","['Wil', 'je', 'het', 'ons', 'laten', 'weten', 'als', 'er', 'een', 'smakelijke', 'roddel', 'voorbij', 'komt', '?']","['laat', 'je', 'ons', 'weten', 'als', 'er', 'nog', 'iets', 'juicys', 'voorbij', 'komt', '?']",0.3417
"['Ik', 'zou', 'de', 'frituurpan', 'gewoon', 'weggooien', 'als', 'je', 'er', 'klaar', 'mee', 'bent', '.', 'Voor', 'twee', 'tientjes', 'ga', 'je', 'die', 'toch', 'niet', 'schoonmaken', '?']","['Ik', 'gooi', 'de', 'frituurpan', 'weg', 'nadat', 'ik', 'hem', 'gebruikt', 'heb', '.', 'De', 'prijs', 'van', 'twee', 'tientjes', 'maakt', 'dat', 'het', 'het', 'niet', 'waard', 'om', 'noeste', 'arbeid', 'te', 'verrichten', 'om', 'hem', 'schoon', 'te', 'krijgen', '.']","['Ik', 'gooi', 'de', 'frituurpan', 'gewoon', 'weg', 'nadat', 'ik', 'hem', 'gebruikt', 'heb', '.', 'Voor', 'twintig', 'euro', 'heb', 'ik', 'geen', 'zin', 'om', 'dat', 'ding', 'schoon', 'te', 'maken', '.']","['Ik', 'om', 'de', 'frituurpan', 'gewoon', 'weg', 'te', 'naaien', 'als', 'je', 'm', 'gebruikt', 'heb', 'voor', 'twee', 'tientjes', 'ga', 'je', 'toch', 'niet', 'zo', '’', 'n', 'ding', 'staan', 'schrobben']",0.2452
"['Ik', 'merk', 'dat', 'ik', 'achterdochtig', 'ben', '.', 'Ik', 'denk', 'snel', 'dat', 'mensen', 'liegen', '.']","['Ik', 'merk', 'dat', 'ik', 'achterdochtig', 'ben', '.', 'Ik', 'ben', 'snel', 'in', 'de', 'veronderstelling', 'dat', 'mensen', 'niet', 'de', 'waarheid', 'spreken', '.']","['Ik', 'merk', 'dat', 'ik', 'achterdochtig', 'ben', '.', 'Ik', 'denk', 'regelmatig', 'dat', 'mensen', 'niet', 'de', 'waarheid', 'spreken', '.']","['maar', 'ik', 'merk', 'dat', 'ik', 'achterdochtig', 'ben', ',', 'denk', 'snel', 'dat', 'mensen', 'liegen', '.']",0.6163
"['Ik', 'neem', 'aan', 'dat', 'het', 'een', 'misklik', 'was', ',', 'klopt', 'dat', '?']","['Ik', 'neem', 'aan', 'dat', 'er', 'misgeklikt', 'werd', '.']","['Ik', 'ga', 'er', 'van', 'uit', 'dat', 'het', 'een', 'misklik', 'was', '.']","['(', 'neem', 'aan', 'dat', 't', 'een', 'misklik', 'was', '?', '?', '?']",0.1631
"['Ik', 'vind', 'dat', 'mannen', 'hun', 'mond', 'moeten', 'houden', 'en', 'hun', 'piemel', 'in', 'hun', 'broek', '.']","['Ik', 'ben', 'van', 'mening', 'dat', 'mannen', 'hun', 'mond', 'moeten', 'houden', 'en', 'hun', 'geslachtsdeel', 'in', 'hun', 'broek', 'moeten', 'houden', '.']","['Ik', 'ben', 'van', 'mening', 'dat', 'mannen', 'hun', 'mond', 'gesloten', 'moeten', 'houden', 'en', 'hun', 'penis', 'in', 'hun', 'broek', 'moeten', 'laten', '.']","['en', 'ik', 'vind', 'dat', 'mannen', 'hun', 'waffel', 'moeten', 'houden', 'en', 'hun', 'piem', 'in', 'de', 'broek', 'maar']",0.3238
"['Ik', 'ben', 'lifeofyvonne', 'zojuist', 'ook', 'gestopt', 'met', 'volgen', '.', 'Ik', 'was', 'haar', 'verongelijkte', 'toon', 'en', 'kledinglijn', 'helemaal', 'zat', '.']","['Ik', 'heb', 'net', 'het', 'account', 'lifeofyvonne', 'ontvolgd', '.', 'Ik', 'had', 'genoeg', 'van', 'haar', 'verongelijkte', 'manier', 'van', 'praten', 'en', 'haar', 'kledinglijn', '.']","['Ik', 'ben', 'zojuist', 'ook', 'gestopt', 'met', 'het', 'volgen', 'van', 'Lifeofyvonne', '.', 'Ik', 'ergerde', 'me', 'aan', 'haar', 'haar', 'verongelijkte', 'toon', 'en', 'haar', 'kledinglijn', '.']","['haha', 'ik', 'heb', 'lifeofyvonne', 'net', 'ook', 'ontvolgd', ',', 'was', 'haar', 'verongelijkte', 'toontje', 'en', 'haar', 'kledlnglijn', 'echt', 'zat', '.']",0.0851
"['Hij', 'had', 'een', 'rol', 'toiletpapier', 'onder', 'zijn', 'arm', '.']","['Hij', 'had', 'een', 'rol', 'toiletpapier', 'onder', 'zijn', 'arm', '.']","['Hij', 'had', 'een', 'toiletrol', 'onder', 'zijn', 'arm', '.']","['een', 'wc', 'rol', 'onder', 'z', '’', 'n', 'arm', 'had', '.']",0.033
"['Als', 'je', 'naar', 'hun', 'website', 'gaat', ',', 'doet', 'dit', 'nergens', 'stof', 'opwaaien', '.']","['Als', 'je', 'hun', 'website', 'bezoekt', ',', 'veroorzaakt', 'dit', 'geen', 'opschudding', '.']","['Naar', 'hun', 'website', 'gaan', 'veroorzaakt', 'geen', 'opschudding', '.']","['en', 'naar', 'hun', 'website', 'gaat', 'doet', 'dit', 'toch', 'nergens', 'stof', 'opwaaien']",0.3782
"['Misschien', 'ben', 'ik', 'ook', 'wel', 'gierig', '.']","['Ik', 'ben', 'tevens', 'inhalig', '.']","['Of', 'ik', 'ben', 'gewoon', 'hebzuchtig', '.']","['(', 'of', 'ik', 'ben', 'ook', 'gewoon', 'gierig', ')']",0.0739
"['De', 'jurk', 'past', 'gewoon', 'in', 'dit', 'rijtje', '.']","['De', 'jurk', 'past', 'in', 'dit', 'rijtje', '.']","['De', 'jurk', 'past', 'zeker', 'in', 'deze', 'categorie', '.']","['de', 'jurk', 'past', 'gewoon', 'in', 'dit', 'rijtje']",0.8091
"['Ik', 'keek', 'dat', 'altijd', 'stiekem', 'op', 'mijn', 'kleine', 'televisie', 'in', 'mijn', 'kamer', 'als', 'ik', 'moest', 'slapen', '.', 'Ik', 'vond', 'ze', 'allemaal', 'zo', 'stoer', 'en', 'werelds', '.']","['Ik', 'keek', 'dit', 'programma', 'vroeger', 'heimelijk', 'op', 'de', 'kleine', 'televisie', 'op', 'mijn', 'kamer', ',', 'wanneer', 'ik', 'reeds', 'zou', 'moeten', 'slapen', '.', 'Ik', 'vond', 'hen', 'allemaal', 'erg', 'stoer', 'en', 'werelds', '.']","['Ik', 'keek', 'dat', 'altijd', 'in', 'het', 'geheim', 'op', 'mijn', 'kleine', 'televisie', 'in', 'mijn', 'kamer', 'op', 'het', 'moment', 'dat', 'ik', 'eigenlijk', 'al', 'moest', 'slapen', '.', 'Ik', 'vond', 'hun', 'allemaal', 'geweldig', '.']","['ik', 'keek', 'dat', 'altijd', 'stiekem', 'op', 'mijn', 'kleine', 'tv', '’', 'tje', 'in', 'mijn', 'kamer', 'als', 'ik', 'eigenlijk', 'al', 'moest', 'slapen', ',', 'vond', 'hun', 'allemaal', 'zo', 'cool', 'en', '~werelds', '~']",0.484
"['Inderdaad', ',', 'maar', 'dan', 'met', 'een', 'hoge', 'nasale', 'stem', '.']","['Ja', '.', 'Dan', 'echter', 'met', 'een', 'hoge', ',', 'nasale', 'stem', '.']","['Inderdaad', ',', 'maar', 'dan', 'met', 'een', 'hoge', 'nasale', 'stem', '.']","['Omg', 'ja', 'maar', 'dan', 'met', 'zo', '’', 'n', 'hoge', 'nasale', 'stem']",0.1569
"['Och', 'er', 'moet', 'hier', 'ook', 'werkelijk', 'op', 'élke', 'slak', 'zout', 'worden', 'gelegd', '.']","['Men', 'heeft', 'op', 'werkelijk', 'alle', 'kleinigheden', 'kritiek', '.']","['Er', 'worden', 'hier', 'op', 'alle', 'kleine', 'fouten', 'en', 'geringe', 'tekortkomingen', 'aanmerkingen', 'gemaakt', '.']","['O', 'gut', 'er', 'moet', 'ook', 'werkelijk', 'op', 'élke', 'slak', 'zout', 'worden', 'gelegd', 'hier']",0.6263
"['En', 'zoals', 'in', 'dit', 'geval', 'dat', 'John', 'de', 'Mol', 'wil', 'praten', ',', 'was', 'hij', 'er', 'wellicht', 'niet', 'mee', 'akkoord', 'zijn', 'gegaan', 'als', 'het', 'gesprek', 'met', 'een', 'vrouw', 'was', '.']","['De', 'kans', 'bestaat', 'dat', 'John', 'de', 'Mol', 'niet', 'zou', 'willen', 'praten', ',', 'mocht', 'dit', 'gesprek', 'met', 'een', 'vrouw', 'plaatsvinden', '.']","['Als', 'John', 'de', 'Mol', 'in', 'dit', 'geval', 'zou', 'willen', 'praten', ',', 'was', 'hij', 'daar', 'wellicht', 'niet', 'mee', 'akkoord', 'gegaan', 'als', 'het', 'met', 'een', 'vrouw', 'was', '.']","['ennnnn', 'als', 'in', 'dit', 'geval', 'john', 'de', 'mol', 'wil', 'praten', ',', 'hij', 'daar', 'wellicht', 'niet', 'mee', 'akkoord', 'zou', 'zijn', 'gegaan', 'als', 'het', 'met', 'een', 'vrouw', 'was', '.']",0.5741
"['Hand', 'in', 'eigen', 'boezem', '!', 'Hilarisch', 'goede', 'reactie', '.']","['De', 'gediende', 'repliek', ""'hand"", 'in', 'eigen', 'boezem', ""'"", 'vind', 'ik', 'hilarisch', '.']","['Ze', 'kwam', 'op', 'een', 'geweldige', 'manier', 'terug', 'met', 'haar', 'hand', 'op', 'haar', 'eigen', 'boezem', '.']","['HAND', 'IN', 'EIGEN', 'BOEZEM', 'WOEHAHA', 'WAT', 'EEN', 'COMEBACK']",0
"['Ik', 'weet', 'niks', 'van', 'Olivia', 'Wilde', 'na', 'deze', 'periode', '.']","['Ik', 'ben', 'niet', 'op', 'de', 'hoogte', 'van', 'het', 'leven', 'van', 'Olivia', 'Wilde', 'na', 'deze', 'fase', '.']","['Na', 'deze', 'periode', 'weet', 'ik', 'niets', 'van', 'Olivia', 'Wilde', '.']","['ik', 'weet', 'niks', 'van', 'olivia', 'wilde', 'na', 'deze', 'fase', ':']",0.1826
"['Hij', 'lijkt', 'erg', 'veel', 'op', 'Jamai', '.']","['Hij', 'toont', 'tevens', 'te', 'veel', 'gelijkenissen', 'met', 'Jamai', '.']","['Zijn', 'uiterlijk', 'komt', 'ook', 'te', 'veel', 'overeen', 'met', 'die', 'van', 'Jamai', '.']","['hij', 'lijkt', 'ook', 'teveel', 'op', 'jamai']",0.0455
"['Ik', 'dacht', 'dat', 'ze', 'ijskoningin', 'werd', 'genoemd', ',', 'maar', 'dat', 'is', 'haar', 'gebruikersnaam', 'hier', '.']","['Ik', 'van', 'in', 'de', 'veronderstelling', 'dat', 'zij', ""'ijskoningin"", ""'"", 'genoemd', 'werd', ',', 'maar', 'dat', 'is', 'haar', 'bijnaam', 'hier', '.']","['Ik', 'was', 'in', 'de', 'veronderstelling', 'dat', 'ze', 'de', 'ijskoningin', 'werd', 'genoemd', ',', 'maar', 'het', 'is', 'haar', 'bijnaam', 'hier', '.']","['Oh', 'ik', 'dacht', 'dat', 'ze', 'ijskoniging', 'werd', 'genoemt', 'maar', 'tis', 'dr', 'nickname', 'hier', 'haha']",0.0783
"['Erg', 'walgelijk', ',', 'hoe', 'kun', 'je', 'zo', 'zijn', '?']","['Ik', 'begrijp', 'niet', 'hoe', 'iemand', 'zich', 'zo', 'kan', 'gedragen']","['Afschuwelijk', ',', 'hoe', 'kan', 'iemand', 'zich', 'zo', 'gedragen', '.']","['walgelijk', 'walgelijk', 'walgelijk', ',', 'hoe', 'kun', 'je', 'zo', 'zijn']",0.726
"['Maar', 'nee', ',', 'ze', 'is', 'een', 'vrouw', 'dus', 'ze', 'wilt', 'geld', '.']","['Maar', 'nee', ':', 'het', 'is', 'een', 'vrouw', ',', 'die', 'is', 'derhalve', 'op', 'geld', 'uit', '.']","['Nee', ',', 'ze', 'is', 'een', 'vrouw', 'dus', 'ze', 'verlangt', 'naar', 'geld', '.']","['Maar', 'nee', 'het', 'is', 'een', 'vrouw', 'dus', 'ze', 'wilt', 'geld', '!', '!']",0.6704
"['Ik', 'vind', 'hem', 'vergelijkbaar', 'met', 'Jort', 'Kelder', '.']","['Ik', 'vind', 'hem', 'een', 'evenbeeld', 'van', 'Jort', 'Kelder', '.']","['Hij', 'doet', 'mij', 'denken', 'aan', 'Jort', 'Kelder', '.']","['ik', 'vind', 'hem', 'een', 'soort', 'Jort', 'Kelder', 'variant', '.']",0.1562
"['Ja', 'en', 'nu', 'zegt', 'hij', 'ook', 'dat', 'zij', 'zelf', 'zogenaamd', 'alleen', 'maar', 'met', 'andere', 'vrouwen', 'zou', 'willen', 'zoenen', '.']","['Hij', 'benoemt', 'nu', 'dat', 'zij', ',', 'verondersteld', ',', 'alleen', 'met', 'alleen', 'vrouwen', 'zou', 'willen', 'kussen', '.']","['Hij', 'beweert', 'nu', 'dat', 'zij', 'slechts', 'met', 'andere', 'vrouwen', 'zou', 'willen', 'kussen', '.']","['haha', 'ja', 'en', 'nu', 'zegt', 'hij', 'ook', 'dat', 'zij', 'zelf', 'zogenaamd', 'alleen', 'maar', 'met', 'andere', 'vrouwen', 'zou', 'willen', 'zoenen']",0.8852
"['Over', 'zijn', 'zogenaamde', 'excuus', 'ga', 'ik', 'maar', 'niet', 'beginnen', '.']","['Ik', 'zal', 'maar', 'niets', 'zeggen', 'over', 'zijn', 'zogenaamde', ""'excuses"", ""'"", '.']","['Ik', 'ga', 'het', 'niet', 'hebben', 'over', 'zijn', 'verdediging', '.']","['Over', 'z', '’', 'n', '“', 'excuus', '”', 'ga', 'ik', 'maar', 'niets', 'eens', 'beginnen…']",0.1012
"['Wat', 'een', 'mislukkeling', '.']","['Wat', 'een', 'mislukkeling', '.']","['Hij', 'is', 'een', 'ongelofelijke', 'stommeling', '.']","['wow', ',', 'wat', 'een', 'loser', 'zeg', '.']",0.0393
"['De', 'Kardashian', 'familie', 'is', 'inderdaad', 'alles', 'behalve', 'privé', '.']","['De', 'familie', 'Kardashian', 'is', 'erg', 'open', 'over', 'hun', 'privéleven', '.']","['Het', 'leven', 'van', 'de', 'familie', 'Kardashian', 'is', 'alles', 'behalve', 'privé', '.']","['Want', 'de', 'familie', 'Kardashian', 'is', 'allws', 'bwhalve', 'privé', 'idd']",0.3156
"['Ik', 'kan', 'niet', 'tegen', 'dt-fouten', '.']","['Ik', 'erger', 'mij', 'aan', 'die', 'dt-fouten', '.']","['Ik', 'erger', 'me', 'dood', 'aan', 'die', 'dt-fouten', '.']","['I', 'can', '’', 't', 'met', 'die', 'd/t', 'fouten']",0.0278
"['Het', 'snoepje', 'van', 'de', 'week', '.']","['De', 'traktatie', 'van', 'de', 'week', '.']","['Het', 'liefje', 'van', 'de', 'week', '.']","['het', 'snoepje', 'van', 'de', 'week']",0.5475
"['Ja', 'Wild', ""'N"", 'Out', 'ken', 'ik', 'van', 'vroeger', '.', 'Bestaat', 'dat', 'nog', '?']","['Ik', 'herinner', 'mij', '``', 'Wild', ""'N"", ""'"", 'Out', ""''"", 'van', 'vroeger', '.', 'Bestaat', 'dit', 'nog', '?']","['Wild', ""'N"", 'Out', 'ken', 'ik', 'van', 'vroeger', 'maar', 'ik', 'vraag', 'me', 'af', 'of', 'dat', 'nog', 'bestaat', '.']","['Ja', 'wild', '‘', 'n', 'out', 'ken', 'ik', 'van', 'vroegah', 'maar', 'bestaat', 'dat', 'nog', '?']",0.1316
"['Ze', 'doet', 'misschien', 'een', 'beetje', 'raar', ',', 'maar', 'ik', 'denk', 'dat', 'in', 'dergelijke', 'situaties', 'er', 'allerlei', 'gemengde', 'gevoelens', 'bij', 'komen', 'kijken', '.']","['Ik', 'ben', 'in', 'de', 'veronderstelling', 'dat', 'er', 'veel', 'gemengde', 'gevoelens', 'in', 'een', 'dergelijke', 'situatie', 'komen', 'kijken', 'en', 'dat', 'zij', 'zich', 'daarom', 'wat', 'vreemd', 'gedraagt', '.']","['Ook', 'al', 'gedraagt', 'ze', 'zich', 'eigenaardig', ',', 'ik', 'denk', 'dat', 'er', 'veel', 'gemengde', 'gevoelens', 'komen', 'kijken', 'bij', 'dit', 'soort', 'situaties', '.']","['en', 'al', 'doet', 'ze', 'een', 'beetje', '“', 'raar', '”', ',', 'ik', 'denk', 'dat', 'in', 'zo', '’', 'n', 'situatie', 'ook', 'veel', 'gemengde', 'gevoelens', 'bij', 'komt', 'kijken', '.']",0.2627
"['Wat', 'vindt', 'men', 'van', 'Zendaya', 'en', 'haar', 'kleinere', 'partner', '?']","['Wat', 'is', 'de', 'publieke', 'opinie', 'over', 'de', 'korte', 'partner', 'van', 'Zendaya', '?']","['Wat', 'is', 'jullie', 'mening', 'over', 'Zendaya', 'en', 'haar', 'kleine', 'man', '?']","['wat', 'vinden', 'we', 'van', 'zendaya', 'en', 'haar', 'short', 'king', '?']",0.0531
"['Via', 'mijn', 'vriendin', ',', 'zij', 'zit', 'in', 'Yvonne', ""'s"", 'app', '.', 'Voor', 'de', 'rest', 'is', 'mijn', 'vriendin', 'heel', 'leuk', '.']","['Dit', 'weet', 'ik', 'via', 'een', 'vriendin', 'die', 'in', 'een', 'groepsgesprek', 'met', 'Yvonne', 'deelneemt', '.', 'Naast', 'dit', 'feit', 'is', 'mijn', 'vriendin', 'erg', 'erg', '.']","['Via', 'mijn', 'vriendin', 'die', 'in', 'Yvonnes', 'app', 'zit', '.', 'Overigens', 'is', 'mijn', 'vriendin', 'erg', 'leuk', '.']","['Via', 'mijn', 'vriendin', 'die', 'in', 'Yvonne', '’', 's', 'app', 'zit', '(', 'ja', 'voor', 'de', 'rest', 'is', 'mn', 'vriendin', 'echt', 'heel', 'leuk', ')', ':']",0.2624
"['Ik', 'denk', 'dat', 'haar', 'dat', 'onverschillig', 'laat', '.']","['Ik', 'denk', 'dat', 'dit', 'feit', 'ze', 'niet', 'erg', 'interesseert', '.']","['Ik', 'denk', 'dat', 'zij', 'zich', 'daar', 'niets', 'van', 'aantrekt', '.']","['ik', 'denk', 'dat', 'dat', 'ze', 'echt', 'precies', 'niets', 'kan', 'boeien', 'hahaha']",0.0501
"['Het', 'verbaast', 'mij', 'dat', 'Bibi', 'nu', 'nog', '4', 'lelijke', 'foto', ""'s"", 'van', 'Waylon', 'post', 'voor', 'Vaderdag', '.']","['Wat', 'gek', 'dat', 'Bibi', 'vier', ""'onaantrekkelijke"", ""'"", 'foto', ""'s"", 'van', 'Waylon', 'plaatst', 'voor', 'vaderdag', '.']","['Ik', 'vind', 'het', 'verbazingwekkend', 'dat', 'Bibi', 'ook', 'nog', 'vier', 'oncharmante', 'foto', ""'s"", 'van', 'Waylon', 'plaatst', 'op', 'vaderdag', '.']","['Wtf', 'dat', 'Bibi', 'nu', 'ook', 'nog', '4', '‘', 'lelijke', '’', 'foto', '’', 's', 'van', 'Waylon', 'post', 'voor', 'vaderdag', '.']",0.2713
"['Dit', 'kan', 'serieus', 'gevaarlijk', 'zijn', '.', 'Ze', 'heeft', 'een', 'kind', 'dat', 'ze', 'weliswaar', 'zelf', 'ook', 'laat', 'zien', 'op', 'Instagram', ',', 'maar', 'toch', '.']","['Deze', 'situatie', 'kan', 'oprecht', 'gevaarlijk', 'zijn', '.', 'Ze', 'plaatst', 'weliswaar', 'zelf', 'zijn', 'foto', ""'s"", 'op', 'Instagram', ',', 'desalniettemin', 'heeft', 'ze', 'een', 'kind', '.']","['Dit', 'kan', 'behoorlijk', 'riskant', 'zijn', ',', 'bovendien', 'heeft', 'ze', 'een', 'kind', '.', 'Die', 'plaatst', 'ze', 'weliswaar', 'zelf', 'op', 'Instagram', '.']","['dit', 'kan', 'ook', 'serieus', 'nog', 'gevaarlijk', 'zijn', 'ook', 'nog', ',', 'plus', 'ze', 'heeft', 'een', 'kind', 'dat', 'ze', 'weliswaar', 'zelf', 'op', 'instagram', 'gooit', 'maar', 'toch']",0.3663
"['Hij', 'maakt', 'nu', 'met', 'zijn', 'vrouw', 'filmmateriaal', 'voor', 'volwassenen', 'op', 'Onlyfans', '.']","['Hij', 'creëert', 'nu', 'pornografische', 'video', ""'s"", 'met', 'zijn', 'echtgenote', 'voor', 'op', 'OnlyFans', '.']","['Momenteel', 'maakt', 'hij', 'pornovideo', ""'s"", 'samen', 'met', 'zijn', 'vrouw', 'voor', 'Onlyfans', 'haha', '.']","['hij', 'maakt', 'nu', 'pornovideo', '’', 's', 'met', 'zijn', 'vrouw', 'op', 'onlyfans', 'hahahahahaha']",0.1192
"['Wat', 'gaat', 'er', 'in', 'de', 'hoofd', 'van', 'dergelijke', 'man', 'om', '?']","['Wat', 'gaat', 'er', 'om', 'in', 'het', 'hoofd', 'van', 'een', 'dergelijke', 'man', '?']","['Ik', 'vraag', 'me', 'werkelijk', 'af', 'wat', 'er', 'omgaat', 'in', 'het', 'hoofd', 'van', 'dit', 'soort', 'mannen', '.']","['Wat', 'gaat', 'er', 'in', 'zo', '’', 'n', 'man', 'z', '’', 'n', 'hoofd', 'om', '?', '?']",0.1967
"['Daar', 'kijkt', 'niemand', 'naar', ',', 'toch', '?']","['Daar', 'kijkt', 'niemand', 'naar', '.']","['Ik', 'geloof', 'niet', 'dat', 'iemand', 'daar', 'naar', 'kijkt', '.']","['(', 'daar', 'kijkt', 'toch', 'niemand', 'naar', '?', ')']",0.0773
"['Ik', 'denk', 'niet', 'dat', 'hij', 'betrokken', 'gaat', 'zijn', 'bij', 'de', 'opvoeding', ',', 'maar', 'ik', 'moet', 'het', 'TMZ', 'artikel', 'nog', 'lezen', '.']","['Ik', 'verwacht', 'dat', 'hij', 'zich', 'niet', 'veel', 'met', 'de', 'opvoeding', 'gaat', 'bemoeien', '.', 'Echter', ',', 'ik', 'heb', 'het', 'TMZ-artikel', 'nog', 'niet', 'gelezen', '.']","['Ik', 'denk', 'niet', 'dat', 'hij', 'betrokken', 'gaat', 'zijn', 'bij', 'de', 'opvoeding', ',', 'maar', 'ik', 'moet', 'het', 'TMZ', 'artikel', 'nog', 'lezen', '.']","['denk', 'ook', 'niet', 'dat', 'hij', 'betrokken', 'gaat', 'zijn', 'bij', 'de', 'opvoeding', 'verder', ',', 'maarrrr', 'ik', 'moet', 'het', 'TMZ', 'artikel', 'nog', 'even', 'lezen']",0.6027
"['Ik', 'ga', 'de', 'opnames', 'van', 'dichtbij', 'echt', 'terugkijken', '.', 'Die', 'tegen', 'het', 'einde', 'te', 'zien', 'waren', '.']","['Ik', 'ga', 'de', 'close-ups', 'die', 'plaatsvonden', 'nabij', 'het', 'einde', 'nogmaals', 'afspelen', '.']","['Ik', 'ga', 'die', 'close-ups', 'aan', 'het', 'einde', 'zojuist', 'zeker', 'herbekijken', '.']","['Wow', 'ik', 'ga', 'die', 'close-ups', 'echt', 'terugkijken', '@', 'einde', 'net']",0.1244
